,feature,scores,pvalues,support
64,CCS_Dx_Complications_of_surgical_procedures_or_medical_care,573.2394011000316,1.4094703116977962e-118,True
219,CCS_Dx_Peritonitis_and_intestinal_abscess,724.9115300524575,5.328295750341168e-147,True
228,CCS_Dx_Postoperative_Infection,1511.1182808027768,4.1952925975710775e-281,True
490,LAB_LG32892-8_amax,459.7998384211284,1.0794381539710507e-96,True
756,MED_DIAGNOSTIC_PRODUCTS,501.20641970515345,9.569393794135902e-105,True
