,feature,scores,pvalues,support
4513,ICD_Dx_K651,584.320077382157,1.0985197262292204e-120,True
6588,ICD_Dx_T814XXA,859.2983662843957,1.9774981788696466e-171,True
7959,LAB_26515-7_amax,429.4415160286783,9.664222549714215e-91,True
8501,MED_Low_Molecular_Weight_Heparins,358.22468427019504,1.2943927979900292e-76,True
8595,MED_Radiographic_Contrast_Media__Iodinated,486.8337420133382,5.853562266423322e-102,True
